list,5152
two,5151
plan,5132
request,5061
name,5056
manag,5013
price,4964
interest,4915
first,4906
power,4904
compani,4903
current,4829
comment,4822
date,4812
octob,4748
find,4712
texa,4707
servic,4655
Do,4596
jeff,4592
much,4587
best,4580
kay,4566
way,4559
what,4531
right,4514
energi,4410
address,4389
note,4388
confirm,4376
draft,4324
thought,4323
sinc,4318
street,4293
possibl,4269
addit,4264
smith,4241
put,4215
set,4210
mike,4202
here,4189
thing,4179
check,4123
morn,4100
avail,4056
start,4040
respons,3991
peopl,3983
parti,3951
confidenti,3948
david,3941
can,3932
document,3921
system,3904
offer,3901
requir,3886
soon,3870
EB,3858
month,3832
great,3824
tomorrow,3822
sara,3776
novemb,3765
point,3764
anyth,3754
contain,3734
intend,3698
made,3698
gener,3688
say,3682
guy,3657
person,3649
keep,3646
place,3642
abl,3631
end,3627
believ,3596
ani,3573
order,3544
final,3531
My,3525
howev,3523
problem,3507
report,3477
vinc,3470
credit,3434
chri,3412
distribut,3411
origin,3405
got,3388
process,3383
term,3378
bill,3372
agre,3371
He,3370
might,3370
for,3358
move,3353
per,3351
transact,3347
feel,3346
product,3344
execut,3340
Hi,3318
even,3309
said,3299
posit,3222
form,3205
realli,3201
delet,3198
free,3181
other,3161
done,3131
jim,3131
around,3111
there,3097
creat,3091
sign,3074
complet,3073
understand,3070
anyon,3070
steve,3049
accept,3036
someth,3031
they,3027
how,3022
juli,3022
updat,3020
mari,2987
probabl,2976
alreadi,2971
hear,2969
part,2965
author,2962
depart,2947
base,2946
sorri,2929
commun,2926
anoth,2925
team,2924
basi,2919
project,2917
custom,2912
privileg,2901
mani,2898
suggest,2897
oper,2883
long,2872
assist,2843
show,2838
yet,2834
septemb,2823
fyi,2818
state,2818
detail,2817
develop,2806
Is,2802
letter,2793
either,2792
risk,2786
togeth,2777
januari,2775
case,2774
continu,2767
book,2763
cost,2744
night,2739
repli,2735
just,2727
scott,2722
august,2717
due,2709
approv,2705
better,2698
rate,2685
later,2682
propos,2681
close,2673
support,2668
leav,2650
present,2642
open,2641
attend,2639
concern,2632
differ,2630
confer,2598
mail,2596
sender,2594
richard,2593
susan,2590
financi,2585
account,2584
tell,2578
run,2577
import,2562
otherwis,2561
all,2546
appreci,2538
To,2534
respond,2534
michael,2523
littl,2520
purchas,2513
option,2511
No,2504
home,2503
immedi,2496
recipi,2496
els,2496
that,2491
relat,2483
will,2479
someon,2475
kim,2474
buy,2469
locat,2454
hour,2421
return,2418
prepar,2414
kevin,2408
decemb,2408
direct,2407
prohibit,2400
paul,2379
futur,2364
whether,2362
advis,2361
must,2346
are,2346
given,2344
when,2332
weekend,2330
notic,2323
sever,2321
line,2316
reason,2310
read,2300
have,2299
pay,2289
access,2285
march,2275
yesterday,2271
high,2269
expect,2269
revis,2267
specif,2260
ca,2256
told,2255
effect,2252
notifi,2248
your,2246
afternoon,2237
everyon,2233
opportun,2232
actual,2230
seem,2228
and,2226
love,2222
left,2215
master,2214
etc,2194
sale,2184
materi,2169
ye,2154
carol,2152
june,2148
without,2148
mean,2135
version,2123
recent,2119
So,2109
sell,2101
amount,2096
intern,2074
within,2073
assum,2052
particip,2051
happi,2048
correct,2043
cover,2043
corpor,2040
resourc,2037
desk,2036
robert,2035
entiti,2031
lot,2025
add,2014
idea,2008
heard,2006
april,1995
result,1988
error,1987
dave,1986
disclosur,1979
allow,1978
limit,1975
total,1970
area,1962
consid,1962
individu,1962
info,1952
bob,1951
refer,1947
unit,1943
begin,1937
debra,1933
fine,1933
wait,1913
mention,1908
indic,1907
firm,1904
valu,1893
sound,1872
event,1869
mayb,1868
earli,1864
care,1857
employe,1851
type,1850
william,1848
sole,1845
three,1837
enter,1836
joe,1835
matter,1829
activ,1824
coupl,1824
bring,1821
affili,1820
room,1820
electr,1819
dan,1814
prior,1812
strictli,1809
answer,1808
miss,1804
associ,1801
short,1801
chanc,1799
volum,1798
involv,1796
never,1782
hey,1781
languag,1779
happen,1777
util,1776
our,1775
big,1770
hold,1767
februari,1766
jeffrey,1765
deliveri,1764
charg,1758
applic,1754
visit,1752
section,1750
eric,1748
respect,1742
everi,1740
job,1738
handl,1737
ad,1734
west,1731
head,1726
On,1722
effort,1722
ben,1719
california,1710
pass,1710
subject,1709
data,1707
initi,1704
site,1702
late,1702
jame,1699
trader,1695
program,1689
tom,1689
with,1688
natur,1686
decid,1686
relev,1685
lunch,1677
greg,1664
second,1660
least,1659
At,1656
capit,1655
cours,1647
word,1645
necessari,1637
upon,1635
past,1635
print,1635
payment,1634
post,1627
director,1623
dear,1623
readi,1620
stay,1617
reserv,1617
join,1610
appropri,1609
properti,1608
minut,1604
via,1603
but,1601
invit,1593
daili,1592
these,1588
view,1585
phillip,1582
everyth,1581
page,1581
determin,1572
hard,1572
public,1570
control,1569
far,1563
pretti,1562
share,1561
remain,1557
alway,1557
statu,1555
capac,1554
shackleton,1552
industri,1546
though,1546
speak,1543
cell,1541
rememb,1540
friend,1540
repres,1537
deliv,1536
went,1534
lisa,1533
arrang,1531
she,1526
commerci,1525
level,1524
period,1521
reach,1521
elizabeth,1520
did,1515
structur,1511
not,1510
real,1502
member,1501
appear,1500
directli,1496
along,1494
money,1493
secur,1491
purpos,1479
hous,1478
earlier,1477
although,1476
coordin,1474
fact,1466
law,1464
exist,1460
global,1460
potenti,1456
full,1455
convers,1446
negoti,1442
spoke,1441
decis,1433
latest,1423
evid,1422
item,1421
shall,1421
found,1417
wish,1416
lawyer,1416
side,1409
reli,1406
assign,1405
kate,1399
pipelin,1399
game,1398
kind,1394
build,1393
action,1392
enforc,1390
turn,1387
therefor,1386
definit,1385
clear,1382
suppli,1373
saturday,1372
rick,1368
increas,1364
wonder,1362
counsel,1362
research,1361
organ,1358
US,1356
michel,1354
physic,1354
enough,1347
recommend,1344
sunday,1343
dinner,1333
financ,1332
bind,1330
except,1330
pick,1329
london,1328
By,1326
play,1319
guess,1317
perform,1316
becom,1314
prefer,1304
mind,1303
ago,1302
design,1300
rather,1297
ever,1294
suit,1292
less,1289
plant,1289
termin,1287
lead,1283
comput,1277
outsid,1276
east,1269
presid,1269
gari,1268
net,1265
write,1264
away,1256
transport,1255
old,1250
swap,1246
vacat,1242
facil,1241
nice,1241
standard,1224
ticket,1224
polici,1223
reflect,1222
tonight,1221
after,1220
hereto,1218
enjoy,1217
larri,1215
proceed,1215
sheet,1212
voic,1211
floor,1204
flow,1198
web,1194
model,1191
submit,1190
trip,1190
world,1186
cash,1184
york,1183
special,1178
peter,1177
million,1175
fix,1174
anyway,1174
appli,1171
demand,1170
stop,1167
board,1163
georg,1160
unless,1159
staff,1158
dissemin,1158
provis,1154
fun,1148
frank,1147
brian,1146
TX,1142
experi,1141
top,1140
success,1136
senior,1134
approach,1133
salli,1129
school,1127
record,1126
commiss,1126
seen,1122
transfer,1117
bank,1117
certain,1117
live,1117
asset,1117
ensur,1115
awar,1115
longer,1114
should,1111
releas,1110
fill,1110
sometim,1108
center,1107
tax,1105
doe,1104
key,1102
transmiss,1102
asap,1102
held,1101
serv,1099
accord,1094
noth,1094
glad,1094
major,1092
calendar,1091
paper,1088
exampl,1084
san,1083
larg,1083
load,1083
announc,1082
taken,1077
came,1075
small,1075
test,1074
steven,1073
hand,1072
click,1072
websit,1071
separ,1069
paid,1066
jennif,1065
connect,1065
ann,1063
fund,1063
instead,1060
town,1059
louis,1058
harri,1057
amend,1054
linda,1053
administr,1053
from,1052
rule,1048
identifi,1048
bad,1047
fee,1044
situat,1041
link,1039
rest,1039
act,1038
advanc,1035
OK,1033
took,1032
pm,1032
inc,1031
ken,1031
drive,1031
produc,1029
behalf,1027
CA,1025
invest,1020
famili,1020
attorney,1019
estim,1018
citi,1016
summari,1014
tim,1011
benefit,1009
bit,1007
settlement,1006
resum,1006
commod,1004
govern,1002
condit,1000
figur,998
step,995
expens,995
clair,994
save,992
learn,992
delay,991
stuff,989
regulatori,985
calcul,980
jason,978
weather,977
analysi,975
wholesal,974
met,974
quit,973
finish,968
St,965
touch,965
remov,963
clean,962
opinion,955
four,955
telephon,954
tel,952
travel,951
stephani,951
news,950
sens,949
technolog,949
IT,948
oblig,946
drew,945
ahead,944
quick,941
drop,940
analyst,939
stand,939
karen,937
summer,937
exchang,936
remind,931
format,931
altern,930
impact,930
caus,929
goe,927
pictur,927
electron,926
whole,926
signific,923
replac,921
south,920
obtain,919
life,918
rais,918
now,917
univers,917
role,916
memo,916
thoma,915
variou,915
statement,915
commit,913
third,913
mann,912
balanc,912
arriv,912
hello,911
folk,910
gave,910
committe,908
interview,906
plu,905
jan,904
explain,903
canada,901
who,895
thu,894
perhap,894
region,893
sheila,893
stephen,889
select,888
pull,886
entir,881
similar,881
protect,879
attent,878
user,878
object,878
cut,878
bid,877
central,873
invoic,873
reduc,873
wed,872
written,869
sourc,868
fall,866
cindi,864
guarante,863
grant,861
light,861
deriv,859
client,859
Ed,859
holiday,858
usual,858
brent,857
implement,856
content,854
abil,853
stock,851
lesli,850
quickli,849
hi,848
fuel,848
track,847
spreadsheet,846
don,845
express,843
spend,841
strategi,840
consult,838
main,838
across,837
nation,835
park,834
occur,832
field,830
kid,830
conveni,829
while,828
consist,827
practic,825
lee,825
TO,824
resolv,824
sincer,824
incorpor,823
delainey,820
focu,820
man,819
procedur,817
taylor,817
particular,816
okay,815
sold,815
stacey,812
simpli,811
roger,808
onc,807
attempt,806
code,802
sit,800
where,797
index,797
near,797
skill,796
matt,796
whatev,794
class,793
establish,793
saw,792
approxim,791
storag,790
break,788
watch,788
portland,787
wrong,787
previou,785
function,783
laura,783
fit,782
hit,780
input,780
guaranti,777
forc,776
brown,776
internet,775
explor,774
PG,773
oil,772
consider,772
jone,769
especi,768
claim,768
offici,767
front,766
extend,766
andrew,766
regul,766
unfortun,765
descript,765
unabl,762
janet,761
realiz,761
doug,759
independ,759
rob,758
articl,757
GE,755
adjust,755
excit,754
curv,752
receipt,751
robin,750
brief,750
suppos,749
network,748
relationship,747
econom,747
season,746
lost,745
depend,744
broker,744
shirley,743
box,743
vice,743
basic,741
verifi,740
difficult,739
normal,737
alan,736
excel,736
sue,735
strong,735
worth,734
hesit,734
hotel,733
andi,732
affect,731
PL,730
local,725
half,722
low,722
charl,719
spot,719
previous,718
retain,716
davi,716
solut,716
jay,714
kimberli,713
signatur,713
improv,712
describ,710
instruct,709
session,708
some,708
welcom,707
paragraph,707
partner,706
card,706
extens,705
carri,705
dollar,703
american,702
technic,701
confus,700
feedback,699
martin,698
agent,698
retail,698
traci,696
goal,695
whi,695
hunter,693
daniel,693
face,693
white,692
almost,691
hedg,690
gone,689
progress,689
train,688
topic,688
matthew,687
court,687
combin,687
kathi,687
averag,686
judi,683
push,682
collect,682
brenda,681
pat,680
critic,679
appar,678
privat,674
higher,674
apolog,671
tanya,670
fred,670
feder,669
walk,669
luck,667
tabl,667
download,667
loss,666
cooper,666
andrea,665
europ,664
lay,664
NY,663
annual,663
contribut,662
quot,662
competit,662
monthli,659
sarah,658
packag,656
El,656
obvious,655
construct,655
settl,653
countri,653
avoid,651
peak,651
addresse,650
equiti,650
press,648
employ,648
chairman,648
staci,647
liquid,646
alloc,646
stori,645
Of,642
roll,641
edward,640
turbin,639
ID,639
water,638
true,637
russel,636
tana,635
agenda,634
databas,633
revenu,630
shortli,629
worri,628
engin,627
sort,624
five,624
washington,624
donna,623
ted,621
titl,618
weekli,616
maintain,616
affair,615
seek,615
keith,614
paso,613
publish,613
studi,613
joseph,613
sharon,612
piec,612
car,612
outstand,611
terri,610
maria,610
choic,609
insur,608
permit,607
defin,606
fulli,606
rod,605
bruce,605
behind,604
lose,602
extrem,602
mom,601
among,601
chief,600
tariff,600
buyer,599
randi,597
then,596
pool,596
again,595
exclus,590
catch,589
spread,589
doc,589
singl,589
comfort,588
heather,587
recogn,586
congratul,584
ami,584
compar,583
own,582
exactli,582
herebi,582
lower,581
seller,581
outlin,581
suzann,580
girl,580
drink,580
conflict,579
hire,578
pursu,578
thompson,578
six,578
barbara,577
owe,576
brad,576
default,575
target,574
certainli,574
candid,573
easi,573
parent,571
choos,569
kelli,568
melissa,568
jean,568
MW,568
agenc,567
exhibit,567
duke,566
lynn,565
promot,565
meter,564
toward,564
anticip,563
password,562
size,562
sat,559
modifi,558
overal,558
austin,557
challeng,557
match,556
pend,556
embed,555
cap,555
green,554
noon,554
conduct,553
promis,552
red,551
intent,551
exposur,550
gather,550
tie,550
qualiti,550
nanci,549
moment,549
dale,549
monitor,548
carolyn,548
ext,547
equip,547
consum,545
shop,543
exempt,543
flight,541
favor,541
rel,540
christoph,540
portfolio,540
morgan,540
patti,540
southern,540
bought,539
evalu,538
barri,537
wrote,537
portion,536
iso,536
below,535
miller,534
bryan,532
edison,532
king,531
mine,531
enclos,531
christi,530
highlight,530
advantag,530
referenc,527
daren,527
rang,527
kitchen,527
both,526
particularli,526
allen,526
knowledg,525
quarter,523
An,522
toni,522
air,522
space,521
HR,521
bottom,521
fail,520
middl,520
becaus,519
cheryl,518
vote,516
doubl,516
patrick,515
mid,515
consent,514
ha,514
Or,513
sean,512
errol,511
appoint,510
measur,508
assess,507
chicago,506
recruit,506
window,506
black,505
recal,504
cancel,504
host,504
encourag,503
debbi,503
extra,501
profit,501
todd,500
dad,499
more,499
win,499
count,497
block,497
specialist,497
hall,496
liabil,496
investig,496
budget,496
chair,496
cool,495
young,495
student,495
seat,495
beth,495
deadlin,494
phil,493
damag,492
pursuant,492
engag,492
onli,492
profession,491
primari,489
hang,489
interconnect,488
trust,488
prioriti,487
integr,487
fli,487
road,487
pacif,485
certif,485
SS,484
becki,484
impress,484
boy,484
accur,483
institut,483
regist,482
craig,481
emerg,481
perspect,480
wireless,479
bankruptci,479
formal,479
cross,479
litig,478
id,477
PS,477
softwar,477
grow,476
forget,475
spent,474
OF,473
greater,472
minimum,472
elect,472
destroy,471
proprietari,471
histori,471
valid,471
elimin,469
billion,469
earn,469
babi,468
greatli,466
reliabl,465
disclos,465
adam,464
kenneth,464
instal,464
known,464
annex,464
factor,463
station,463
effici,462
gain,462
exercis,461
carlo,460
desir,458
stanley,458
circul,458
capabl,458
each,457
troubl,456
restrict,456
background,455
francisco,455
shelley,455
discount,454
resolut,454
often,454
forgot,454
max,454
focus,453
ron,452
christma,451
player,450
neither,449
stan,449
incom,448
Oh,447
pressur,446
dec,446
bear,446
germani,445
zero,444
accomplish,444
sherri,444
cathi,444
facilit,443
worksheet,443
kathleen,442
huge,441
owner,441
sun,441
specifi,440
iii,440
log,440
preliminari,440
ray,439
polit,439
assumpt,439
mobil,439
spring,438
dian,438
advic,438
extent,438
food,437
transit,437
confid,437
stuart,436
margin,436
johnson,436
under,436
entri,436
angela,435
absolut,435
none,435
round,434
brought,433
path,433
leader,431
tool,431
jerri,430
regular,429
collater,429
AT,429
growth,429
tammi,428
bond,428
minor,428
winter,428
assur,428
surpris,427
knew,427
fast,425
treat,425
easier,424
split,424
expir,424
screen,423
ship,423
nomin,423
feb,422
introduc,422
throughout,421
eat,421
nelson,421
funni,421
transmit,420
liz,419
concept,418
kept,417
canadian,417
correctli,417
simpl,416
subsidiari,416
peggi,415
further,415
VP,415
flexibl,415
most,414
gerald,414
investor,414
aris,413
ya,412
equal,411
speaker,411
automat,411
expand,410
shown,410
wife,410
bet,409
stage,409
fri,409
mistak,408
land,408
sleep,408
search,407
chart,407
correspond,406
store,406
dog,405
theresa,405
clarifi,405
neg,404
IS,404
clearli,404
IN,404
molli,402
essenti,402
method,402
gift,402
hot,401
yahoo,401
counti,401
achiev,400
debt,400
spoken,400
reliant,400
dial,400
denni,398
supplier,398
jack,398
kerri,398
yeah,398
largest,398
western,398
club,397
jane,397
patricia,397
julia,397
ceo,396
pipe,396
personnel,396
speed,396
heat,395
florida,395
jurisdict,394
ran,394
perfect,392
volatil,392
sandra,391
fundament,391
oppos,390
golf,390
familiar,390
broadband,390
fair,389
dana,389
insid,389
edit,388
former,388
oct,388
imag,388
blue,386
gotten,386
tue,386
II,385
jon,385
typic,385
mile,384
scope,384
beer,383
ultim,383
launch,382
cook,382
lack,382
suffici,382
divis,382
strateg,382
argument,382
eye,381
ii,380
door,380
fairli,377
ryan,376
wall,376
mexico,376
bed,376
insert,376
moor,376
avenu,376
manner,375
maureen,375
valuat,374
dick,374
profil,373
environ,373
map,372
prevent,372
mon,372
forth,372
sampl,372
logist,371
complianc,370
declin,369
birthday,368
highli,368
kill,368
histor,368
enabl,367
neil,367
earliest,366
legisl,366
safe,365
northern,365
dalla,365
herein,365
kick,365
befor,365
rice,365
flat,364
captur,364
denver,364
Go,364
god,363
kent,363
DC,363
upcom,363
slow,362
memori,362
christian,362
video,362
anytim,361
shipper,361
listen,360
disput,360
nov,359
consolid,359
built,359
veronica,359
beyond,358
forecast,358
common,358
tire,358
sweet,357
featur,357
multipl,356
instrument,355
bar,355
sander,354
restructur,353
danni,353
seriou,353
educ,352
graduat,352
rep,352
zone,352
mechan,351
UK,350
subsequ,350
seri,349
hill,349
pager,348
accordingli,348
fire,348
ground,347
merchant,347
eastern,347
task,347
unauthor,346
OR,345
hourli,345
ventur,345
colleagu,344
rose,344
doubt,344
rich,344
sentenc,343
excess,342
prompt,342
switch,341
juan,340
ball,340
dutch,340
registr,340
meantim,339
clark,338
sponsor,338
wood,338
shift,338
joint,337
auction,337
constitut,336
van,336
travi,336
somewher,335
heart,335
conclus,335
howard,335
experienc,335
copyright,335
suspect,334
loop,334
easili,333
argu,333
river,333
lou,333
gray,332
NO,332
sam,331
cal,331
arnold,331
chat,331
martha,331
felt,330
crude,330
veri,330
ten,330
career,330
brother,330
rout,330
sensit,330
imbal,327
substanti,326
significantli,326
maximum,326
server,326
somewhat,325
coal,325
fight,324
acquir,324
border,324
loan,324
forum,324
burn,323
exact,323
await,323
licens,323
her,323
draw,323
secretari,323
cent,321
primarili,321
ride,320
ignor,320
ellen,320
guest,320
anymor,320
failur,320
wayn,320
judg,318
whose,318
victor,317
colleg,317
rsvp,317
bass,316
angel,316
anderson,316
trigger,316
column,315
closer,315
princip,315
dure,315
subscrib,314
calgari,314
alon,314
quantiti,314
cynthia,314
beat,314
acquisit,313
outlook,313
sick,313
renew,313
text,313
virginia,312
shot,311
attract,311
ON,311
wa,310
bodi,310
entitl,310
crazi,310
merger,309
loui,309
diana,309
professor,308
imagin,308
straight,308
apart,307
adopt,307
deposit,307
faith,306
murphi,306
truli,306
explan,306
age,305
lanc,305
foreign,305
hub,305
estat,305
jordan,304
refund,304
hate,304
templat,304
son,303
thanksgiv,303
audit,303
lorrain,303
we,303
prospect,303
deni,303
footbal,303
shut,302
la,302
partnership,301
percent,301
circumst,301
reschedul,301
alex,300
reject,300
it,299
metal,299
chad,299
dow,299
expans,299
Co,298
compon,297
jackson,297
proper,297
nearli,297
hell,297
began,297
violat,296
wide,296
their,296
overview,296
boston,296
premium,296
Be,295
award,295
tough,295
greet,295
expert,295
jump,295
leadership,294
shari,294
despit,294
die,294
deem,294
darren,293
economi,293
mother,293
enhanc,293
claus,292
insight,292
those,292
prc,292
nick,291
downtown,291
louisiana,291
strike,290
fortun,290
coverag,289
kyle,289
slide,289
campbel,289
onto,289
threshold,289
airport,287
absenc,286
jonathan,285
ward,285
extern,285
conclud,285
survey,284
airlin,284
human,284
qualifi,284
samantha,284
jose,284
mainten,284
lotu,284
button,284
dept,283
dougla,283
aspect,283
vicki,283
frame,283
platform,282
infrastructur,282
teresa,281
satisfi,281
microsoft,281
perman,281
rotat,281
complaint,281
upgrad,281
neal,280
lo,280
duti,280
hurt,279
slightli,279
antonio,279
hyatt,279
beach,278
environment,278
lloyd,278
crisi,278
IF,278
meant,278
health,278
wilson,277
presto,277
katherin,276
cheer,276
wire,276
wind,276
sandi,276
machin,275
swing,275
cst,275
treatment,275
evelyn,274
increment,274
rock,273
celebr,273
corner,273
difficulti,273
gentlemen,273
tent,273
valuabl,273
pete,272
photo,272
rita,272
float,271
pack,271
exceed,271
charli,270
manual,270
ongo,270
arbitr,270
blank,270
devic,270
tab,270
reader,270
beauti,270
sooner,269
bunch,269
out,269
mcconnel,269
children,269
categori,268
prove,268
raymond,268
understood,267
compens,267
governor,267
ross,267
dedic,267
solicit,267
smtp,266
La,266
christin,266
tradit,266
non,265
whenev,265
exclud,265
lake,265
summar,265
benjamin,265
guid,264
monica,264
ene,264
frequent,264
lie,263
kristin,263
honor,263
jodi,263
lng,263
european,263
audrey,263
phase,263
numer,263
et,263
currenc,263
unlik,262
DA,262
doctor,262
justin,262
degre,262
woman,262
resid,262
besid,261
melinda,261
thur,261
margaret,261
cold,261
bailey,261
senat,261
minim,261
payabl,261
randal,261
leas,260
mitch,260
continent,260
southwest,259
inquiri,259
poor,259
twice,259
warn,259
attack,259
penalti,259
union,259
media,259
walter,259
ownership,259
refus,259
reimburs,259
grid,259
everybodi,258
complex,258
island,258
rank,257
clarif,257
shoot,257
core,257
outag,257
wear,257
bridg,257
women,256
pam,256
commission,256
accommod,255
mara,255
throw,255
panel,255
uniqu,255
breakfast,254
directori,254
briefli,253
glen,253
jacobi,252
arm,252
dawn,252
properli,252
newslett,252
ass,252
stewart,252
evan,252
darrel,251
CC,251
biggest,251
shanna,250
stick,250
sullivan,250
wade,250
cara,250
marcu,249
super,249
jeremi,249
fear,249
sister,248
convert,248
retir,248
timothi,248
diann,248
anywher,248
gregori,248
fourth,247
lynch,247
PX,246
favorit,246
broad,246
men,246
sheri,246
stack,246
supervisor,246
outcom,246
acknowledg,246
led,245
contractu,245
demonstr,245
columbia,245
compil,245
lobbi,244
walker,244
vega,244
dean,244
chase,244
comparison,243
row,243
jenni,243
incur,243
lauri,243
tour,243
over,243
regardless,243
sept,242
exit,242
recov,242
shape,242
commenc,242
ladi,242
taffi,241
which,241
seminar,241
surround,241
mess,241
compet,241
attende,241
gregg,241
reduct,240
instanc,240
northwest,240
wendi,240
japan,240
art,239
approx,239
foster,239
interact,238
vehicl,238
eventu,238
dilig,238
talent,238
pleasur,238
usa,237
offset,237
marc,237
underli,237
alert,236
about,236
colleen,236
sector,236
grab,236
relianc,236
scenario,236
jess,235
PA,235
becam,235
beck,235
color,235
sub,235
wrap,235
paula,235
innov,235
leg,234
derek,234
pamela,234
palmer,234
repeat,234
length,233
sec,233
inquir,233
anthoni,233
chuck,232
donald,232
est,232
lindi,231
HE,231
NW,231
celest,231
gross,231
necessarili,230
boss,230
mar,229
delta,229
permiss,229
carolin,229
comprehens,229
deregul,229
ring,228
tight,228
pennsylvania,228
suck,228
incorrect,228
ltd,228
laugh,228
janin,228
till,227
trial,227
discov,227
citizen,227
paulo,227
elig,227
advertis,227
diego,226
murray,226
interrupt,226
modif,225
motion,225
predict,224
cycl,224
resend,224
convinc,223
gloria,223
richter,223
brazil,223
partial,223
solv,223
hook,223
DO,223
suspend,223
var,222
wine,222
convey,222
coast,222
restaur,222
desktop,221
defens,221
expedit,221
buddi,221
pain,220
presenc,220
aug,220
mill,219
treasuri,219
mutual,219
rise,219
mix,219
crack,219
kean,219
deserv,218
jacki,218
mba,218
angi,218
billi,218
jani,218
anita,218
merril,217
preced,217
aggress,217
admit,217
highest,217
omaha,217
strip,216
serious,216
expertis,216
brokerag,216
lock,216
social,215
rent,215
aggreg,215
marti,215
henri,215
rush,215
father,215
strongli,214
monika,214
varieti,214
sport,214
bradford,214
contractor,214
janett,214
dead,214
palo,214
hunt,213
lewi,213
feet,213
gordon,213
notif,213
bullet,213
dorothi,212
plane,212
percentag,212
Jo,212
Re,212
subscript,211
bonu,211
catherin,211
sum,211
stress,211
district,211
patienc,211
reaction,211
joan,211
consequ,211
unclear,211
mountain,211
complain,211
compli,210
plenti,210
gate,210
adequ,210
recoveri,210
janic,210
carl,210
deb,210
login,209
marri,209
amaz,209
driver,209
kindli,209
luci,209
seven,209
resign,209
waiv,208
fish,208
tiffani,208
larger,208
smile,208
suffer,208
complic,208
robertson,207
segment,207
movi,207
english,207
bobbi,207
shit,206
sharehold,206
postmast,206
diamond,206
UT,205
guidanc,205
vincent,205
pulp,205
entertain,205
CO,205
ident,205
represent,204
tech,204
hodg,204
smaller,204
rhonda,204
sap,203
mat,203
intellig,203
implic,203
hospit,203
observ,203
watson,202
valley,202
formula,202
heavi,202
awesom,202
declar,202
colorado,202
methodolog,202
motiv,202
cob,202
domest,202
assembl,202
warrant,201
janel,201
eight,201
volunt,201
mitig,200
transform,200
wors,200
strength,200
introduct,200
folder,200
warm,200
vari,200
illinoi,200
presum,200
versu,199
memorandum,199
star,199
bush,199
organiz,199
caught,199
TV,198
formerli,198
labor,198
appeal,198
spell,198
withdraw,198
christina,198
thousand,198
retent,198
interpret,198
impos,198
nicol,198
sager,198
fletcher,197
BE,197
pro,197
enterpris,197
membership,197
insist,197
holli,196
blow,196
husband,196
lawsuit,196
recept,196
hole,196
escrow,196
india,196
municip,196
relief,195
waiver,195
forster,195
dress,195
fran,195
duplic,195
herman,195
ozzi,195
cute,195
feed,194
spald,194
ina,194
chip,194
horton,193
relax,193
examin,193
megawatt,193
usag,192
petit,192
tori,192
theori,192
fed,192
elli,192
score,192
fan,192
were,192
notion,191
disappoint,191
wit,191
fletch,191
display,191
bonni,190
output,190
conni,190
counter,190
afraid,190
reagan,190
anna,190
broken,190
alleg,190
bowl,189
toll,189
excus,189
campu,189
richardson,189
teach,189
daughter,189
congest,189
defend,188
inde,188
wolf,188
amanda,188
clay,187
Ph,187
proud,187
collin,187
creation,187
decreas,187
durat,187
melba,187
criteria,187
shelli,187
tremend,186
goldman,186
Mr,186
bag,186
leverag,186
bitmap,186
context,186
departur,186
impli,186
tower,186
optim,185
mostli,185
convent,185
remaind,185
supplement,185
fell,185
boyd,185
cultur,185
gulf,185
solid,184
hector,184
temporari,184
smart,184
harrison,184
baker,184
wast,184
australia,184
joann,184
maker,184
england,184
grate,183
revers,183
cri,183
uncertainti,183
slip,183
interst,183
roseann,183
awhil,183
rain,183
incred,183
bother,182
justifi,182
roy,182
pop,182
dispatch,181
standpoint,181
ice,181
child,181
sacramento,181
morri,181
jill,181
protest,180
analyz,180
until,180
midwest,180
incent,180
barton,180
commerc,180
shapiro,179
anybodi,179
deborah,179
geoff,179
grace,179
worldwid,179
brant,179
Al,179
imposs,178
inject,178
browser,178
philipp,178
alberta,178
equival,178
verbal,178
arthur,178
asid,178
sharp,178
kati,178
attribut,178
safeti,177
hair,177
steel,177
guidelin,177
ideal,177
logic,177
edg,177
export,177
lesson,177
warranti,177
opposit,176
stone,176
too,176
grade,176
worst,176
magazin,176
cloth,175
ton,175
vs,175
dream,175
upstream,175
RE,175
council,174
PC,174
hundr,174
CT,174
inventori,174
ski,174
disagre,174
jen,174
varianc,173
remot,173
defer,173
port,173
style,173
frustrat,173
blame,173
inclus,173
conserv,173
beverli,173
sylvia,173
workshop,172
campaign,172
garcia,172
allianc,172
emiss,172
bug,172
farmer,172
ralli,172
tape,172
bigger,172
rough,171
rocki,171
SW,171
competitor,171
divid,171
petroleum,171
compressor,171
trend,171
tva,171
marketplac,171
emili,171
kathryn,171
LA,170
journal,170
lift,170
fare,170
bless,170
contempl,170
constraint,170
digit,170
tree,169
migrat,169
willi,169
paperwork,169
coffe,169
itinerari,169
scale,169
boat,169
accuraci,168
rumor,168
winner,168
RC,168
aquila,168
refin,168
messeng,168
autom,168
flag,168
MM,167
brett,167
unlaw,167
wright,167
advisor,167
remedi,167
cite,167
LC,167
eta,166
conting,166
interfac,166
repair,166
church,165
queri,165
unifi,165
meredith,165
latter,165
Jr,165
overnight,165
treasur,165
mac,164
proce,164
manufactur,164
deep,164
jana,164
russ,164
lawrenc,164
tag,164
procur,163
bay,163
resort,163
aim,163
somehow,163
endors,163
pilot,163
pertain,163
reward,163
pace,163
smoke,162
truth,162
ought,162
joke,162
Ca,162
eddi,162
forego,162
somebodi,162
breach,161
rodney,161
foundat,161
ginger,161
meal,161
disregard,161
bell,161
arizona,161
simon,161
cliff,161
privaci,161
quarterli,161
belong,160
jake,160
drill,160
MS,160
ruth,159
element,159
bradley,159
neighbor,159
megan,159
domain,159
marsha,158
hernandez,158
soft,158
shoe,158
nyc,158
legislatur,158
tara,158
creativ,158
mere,158
threaten,158
interim,158
northeast,158
lauren,158
helen,158
born,157
argentina,157
scare,157
urgent,157
virtual,157
correl,157
weight,157
laptop,156
cheap,156
matrix,156
broke,156
woodland,156
editor,156
salmon,156
danc,156
WE,156
oak,156
dash,156
refresh,156
off,156
luncheon,156
blast,156
influenc,155
sad,155
parker,155
peac,155
terribl,155
postpon,155
tina,155
tip,155
De,155
ed,155
philip,154
palm,154
everyday,154
oh,154
jefferi,154
unknown,154
anxiou,154
vendor,154
statist,154
ear,153
war,153
death,153
Am,153
shell,153
channel,153
mass,153
meanwhil,153
suspens,153
lend,152
robinson,152
substitut,152
variabl,152
reloc,152
BY,152
hugh,152
obviou,152
tend,152
kristi,152
coral,151
vol,151
truck,151
bowen,151
benefici,151
elsewher,151
wow,151
loretta,151
shirt,151
earl,151
afford,151
debat,151
movement,151
urg,150
territori,150
analyt,150
reproduct,150
superior,150
medic,150
yard,150
garag,150
maxim,150
congress,150
allan,150
curiou,150
congrat,150
denis,150
cassandra,150
creek,149
LP,149
race,149
nobodi,149
wake,149
setup,149
NM,149
ill,149
claudia,149
principl,149
rex,149
consumpt,149
lucki,149
gap,149
AA,148
vision,148
enrol,148
contest,148
discrep,148
chain,148
quiet,148
cat,148
carter,148
charter,148
upset,148
laurel,148
ricki,147
surviv,147
perri,147
meyer,147
bundl,147
gang,147
ME,147
le,147
clayton,147
same,147
victoria,147
piper,146
nicki,146
dude,146
vanessa,146
donat,146
gen,146
possess,146
struggl,146
payrol,146
spirit,145
pound,145
finger,145
gold,145
crowd,145
advers,144
consensu,144
submiss,144
paig,144
mouth,144
compress,144
garden,144
tennesse,144
thereaft,144
thereof,144
ET,144
oversight,144
curri,143
basin,143
chemic,143
dynam,143
stabil,143
frazier,143
weak,143
bright,143
joel,143
hr,143
tee,143
asia,143
phoenix,142
simultan,142
advisori,142
through,142
whoever,142
lieu,142
burden,142
reveal,142
slot,142
fault,142
afterward,142
medium,141
buck,141
translat,141
vernon,141
porter,141
preserv,141
url,141
tap,141
min,141
lane,140
gina,140
domin,140
flash,140
ashley,140
cdt,140
cfo,140
lori,140
inconveni,140
damn,140
wherebi,140
moran,140
begun,140
henc,140
shock,140
roughli,140
traffic,140
marshal,140
secret,139
concentr,139
dramat,139
singapor,139
wharton,139
expos,139
ancillari,139
hat,139
testimoni,139
prime,139
blvd,139
chapter,139
grand,138
charlen,138
gabriel,138
reorgan,138
ontario,138
hansen,138
brain,138
samuel,138
gallup,138
genia,138
PR,138
sierra,138
PO,138
advoc,138
manipul,138
laid,137
kenni,137
ronald,137
borrow,137
heidi,137
jessica,137
clint,137
creditor,137
carr,137
eve,137
signal,137
occas,137
crystal,137
faster,136
pitch,136
walton,136
speech,136
aliv,136
temp,136
orient,136
MD,136
tune,136
erin,136
wanda,136
odd,136
deleg,136
warren,136
temperatur,136
allison,136
academ,136
paraleg,136
bulk,135
squar,135
stuck,135
ole,135
bu,135
dark,135
salari,135
oregon,135
sack,135
wheel,135
carson,135
worker,135
CD,134
importantli,134
deduct,134
pledg,134
newli,134
democrat,134
lender,134
fuck,134
restat,134
discoveri,134
brand,134
elain,133
toronto,133
accompani,133
nut,133
publicli,133
carolina,133
kristen,133
forgotten,133
acceler,133
jesu,133
audienc,133
routin,133
aol,133
griffith,133
popular,133
prayer,132
feasibl,132
loos,132
liabl,132
allegheni,132
pray,132
self,132
norma,132
such,132
gail,132
divers,132
remark,132
illustr,131
differenti,131
bandwidth,131
gene,131
sach,131
glass,131
otc,131
discret,131
harvey,131
regret,131
stanford,131
olson,131
rare,130
tamara,130
nine,130
older,130
shout,130
holden,130
contrari,130
verif,130
bore,130
logo,130
rachel,130
huh,130
rental,129
circl,129
fashion,129
en,129
bike,129
torrey,129
honest,129
basebal,129
centuri,129
grill,129
strang,129
destin,128
aid,128
erik,128
horn,128
menu,128
embarrass,128
butt,128
shortag,128
backup,128
reform,127
alicia,127
qualif,127
staf,127
dietrich,127
NE,127
trail,127
music,127
Sr,127
facsimil,127
republican,127
british,127
weird,126
jeani,126
heavili,126
rehear,126
Up,126
scienc,126
outsourc,126
bound,126
shorter,126
tweed,126
sustain,126
docket,126
behavior,126
virus,126
cobb,125
knock,125
es,125
alto,125
gilbert,125
down,125
glenn,125
ref,125
paramet,125
kiss,125
mcmahon,125
mad,125
had,125
spec,125
penni,125
promptli,125
certifi,124
ate,124
coach,124
regularli,124
derrick,124
incomplet,124
eas,124
distanc,124
mexican,124
georgia,124
citibank,124
command,123
tokyo,123
flynn,123
giant,123
specul,123
forev,123
harder,123
leagu,123
gov,123
stream,123
stupid,123
seattl,122
concur,122
cordial,122
retransmiss,122
carla,122
newspap,122
increasingli,122
bennett,122
protocol,122
china,122
alter,122
duran,122
ford,122
edmund,122
pure,121
glover,121
sydney,121
mathew,121
delight,121
threat,121
FT,121
plug,121
charlott,121
mitchel,121
wave,121
retriev,121
yvett,121
driven,121
conform,121
relay,121
judgment,121
proof,121
align,121
alright,120
bottl,120
alexand,120
joyc,120
merg,120
iron,120
mandat,120
dri,120
greatest,120
resist,120
upsid,120
camp,120
underway,120
scan,120
spike,119
battl,119
pig,119
yellow,119
warner,119
faculti,119
wild,119
matur,119
decent,119
jimmi,119
inspect,119
lui,119
ratio,119
mclaughlin,119
techniqu,118
portal,118
disclaim,118
exhaust,118
lindberg,118
el,118
anim,118
flower,118
rusti,118
aircraft,118
koch,118
indian,118
fellow,117
pattern,117
counterpart,117
keen,117
rene,117
bitch,117
compaq,117
reg,117
substant,117
unavail,117
tiger,117
jeann,117
screw,117
retroact,117
band,117
troy,116
shawna,116
apr,116
collabor,116
joy,116
nativ,116
atlanta,116
proven,116
burton,116
label,116
elena,116
nois,116
brochur,116
zipper,116
shawn,115
andersen,115
snow,115
kirk,115
reuter,115
overhead,115
com,115
jersey,115
belief,115
weigh,115
gerri,115
wellhead,115
inch,115
configur,115
residenti,114
salt,114
webb,114
unusu,114
repay,114
franc,114
redraft,114
crash,114
earth,114
viru,114
mainli,114
wan,114
cheaper,114
friendli,114
golden,114
pocket,114
framework,114
clement,114
devil,114
compris,113
orlean,113
oklahoma,113
distinguish,113
iri,113
elev,113
dunn,113
rosi,113
jere,113
gay,113
IV,113
lone,113
motley,113
conjunct,113
AS,113
MG,112
smooth,112
fresh,112
drunk,112
realiti,112
furthermor,112
con,112
flip,112
fulfil,112
mason,111
elliott,111
packet,111
ohio,111
withhold,111
commentari,111
blair,111
thereto,111
SE,111
breakout,111
merit,111
narrow,111
secondari,111
esq,111
DP,111
civil,110
fuller,110
assert,110
couch,110
identif,110
simul,110
miami,110
op,110
jun,110
spa,110
clinton,110
undertak,110
breath,109
martinez,109
amoco,109
german,109
visa,109
casey,109
restor,109
spare,109
instant,109
sea,109
lowest,109
moreov,109
carmen,109
benchmark,109
IL,109
omiss,108
oasi,108
intervent,108
react,108
philadelphia,108
SO,108
easter,108
reed,108
patterson,108
spin,108
chosen,108
appendix,108
horribl,108
pari,108
easiest,108
pierc,108
branch,108
freeman,108
stretch,108
dot,108
popul,108
harvard,107
cecilia,107
kristina,107
dominion,107
nat,107
offshor,107
hydro,107
hast,107
japanes,107
girlfriend,107
agricultur,107
dig,107
mallori,107
redmond,107
furnish,106
slight,106
yolanda,106
uncertain,106
fergu,106
Me,106
drag,106
tast,106
radio,106
plaza,106
th,106
shower,106
shane,106
dealt,106
enorm,106
NA,106
snack,106
tournament,106
rapidli,106
breakdown,106
jefferson,106
pst,106
compromis,106
subpoena,105
carrol,105
fifth,105
strand,105
boe,105
mcdonald,105
sing,105
plate,105
fox,105
miguel,105
katz,104
renegoti,104
prevail,104
mediat,104
patient,104
gear,104
decad,104
surfac,104
gateway,104
annoy,104
rid,104
cant,104
spokesman,104
envis,104
danger,104
issuanc,104
bryce,104
bianca,104
Mo,104
phrase,104
baylor,104
disrupt,104
jointli,104
pair,104
mandatori,103
yep,103
archiv,103
dump,103
struck,103
oliv,103
kansa,103
holder,103
mathemat,103
reiter,103
succeed,103
pep,103
climb,103
lengthi,103
cabl,103
storm,103
carey,103
surcharg,103
attitud,103
prepay,103
blood,102
occasion,102
nuclear,102
johnni,102
amber,102
dari,102
polic,102
between,102
chamber,102
teacher,102
brandon,102
Dr,102
slate,102
cocktail,102
encount,102
montana,102
intercept,102
oral,102
graph,102
pinto,101
hay,101
noel,101
piss,101
nevada,101
jaim,101
iv,101
fort,101
bullish,101
sir,101
incorrectli,101
constantli,101
rio,101
Li,100
bert,100
britt,100
barn,100
hectic,100
indirectli,100
flaw,100
deploy,100
statut,100
camera,100
extract,100
santa,100
moniqu,100
recollect,100
btu,100
theme,100
omnibu,100
downsid,99
gil,99
pose,99
compel,99
ldc,99
mccarti,99
booth,99
lord,99
nail,99
maggi,99
prudent,99
norman,99
neutral,99
abus,99
notwithstand,99
stabl,99
casual,98
bounc,98
hung,98
unbeliev,98
mission,98
crandal,98
benson,98
marilyn,98
frankli,98
shoemak,98
erica,98
concert,98
coo,98
charact,98
skip,98
unwind,98
yield,97
upward,97
michigan,97
elliot,97
stronger,97
blackout,97
harold,97
texaco,97
mtg,97
upper,97
ave,97
suddenli,97
hardwar,97
bracket,97
desper,97
MY,97
orig,97
pan,97
tear,97
printer,96
evolv,96
guard,96
fruit,96
isabel,96
enclosur,96
sought,96
freak,96
mode,96
juri,96
verd,96
forest,96
rapid,96
disast,96
closur,96
crew,96
vanc,96
constru,96
cole,95
lamb,95
moder,95
dickson,95
hull,95
downgrad,95
surplu,95
mainlin,95
mirror,95
ex,95
perez,95
barrett,95
bare,95
asst,95
sturm,95
pie,95
distinct,95
bidder,95
pleasant,94
writer,94
librari,94
sex,94
chick,94
aime,94
satisfactori,94
tenni,94
inabl,94
hamilton,94
pierr,94
empti,94
bilater,94
regina,94
void,94
song,93
tricia,93
spanish,93
suitabl,93
yr,93
sharron,93
candac,93
keynot,93
reev,93
grown,93
patric,93
lean,93
momentum,93
lastli,92
kaufman,92
poll,92
karla,92
MC,92
ned,92
schneider,92
reput,92
kara,92
par,92
hurri,92
controversi,92
abandon,92
johnston,92
jet,92
rodriguez,92
forgiv,92
viabl,92
headquart,92
freight,92
telecommun,91
curtail,91
akin,91
southeast,91
silent,91
Lu,91
SF,91
vicker,91
modul,91
orang,91
jenkin,91
atlant,91
demo,91
likelihood,91
vladimir,91
overse,91
vital,91
elsa,91
mailbox,91
ion,91
pearc,90
height,90
tran,90
chapman,90
healthi,90
surgeri,90
moral,90
caution,90
attn,90
dual,90
ugli,90
slept,90
cherri,90
wise,90
militari,90
mack,90
nonetheless,90
sutton,90
berkeley,90
courier,90
duncan,90
similarli,90
chose,90
premier,90
drove,89
stood,89
unaccept,89
NJ,89
hardi,89
annuiti,89
bold,89
expenditur,89
colin,89
scene,89
bull,89
latin,89
collaps,89
footnot,89
corrupt,89
osman,89
reliev,89
nearbi,89
fenc,89
apb,89
reconcil,89
richmond,89
MK,89
pdt,89
puerto,89
bird,88
steak,88
foot,88
interven,88
eager,88
tank,88
internship,88
swamp,88
squeez,88
icon,88
jami,88
yoder,88
paint,88
exec,88
GO,88
optimist,88
arena,88
barnett,87
depth,87
transpar,87
graphic,87
eva,87
felicia,87
escap,87
kirbi,87
printout,87
indemn,87
fantast,87
harbor,87
cargo,87
jorg,87
unchang,87
rev,87
sight,87
streamlin,87
edith,87
vinson,87
alexandra,87
concurr,87
bjorn,87
cameron,87
shannon,87
injuri,87
cox,87
massiv,87
nervou,87
dealer,87
inappropri,86
inclin,86
harlan,86
multipli,86
unsur,86
AG,86
tommi,86
accid,86
dictat,86
economist,86
forthcom,86
expressli,86
plead,86
JP,86
passeng,86
nyse,86
precis,85
recap,85
stakehold,85
government,85
hide,85
dozen,85
josh,85
headcount,85
victori,85
grave,85
lien,85
nichola,85
ana,85
courtesi,85
alma,85
truste,85
yell,85
inconsist,85
schroeder,85
humor,85
simplifi,85
natali,85
banker,85
turkey,85
stearn,85
rub,85
DB,84
meaning,84
sink,84
pour,84
editori,84
opt,84
alli,84
emphasi,84
mount,84
uncomfort,84
lang,84
fischer,84
minist,84
parkway,84
realist,84
dispos,84
downstream,84
neck,84
daddi,84
guarantor,84
french,83
delawar,83
baxter,83
root,83
defect,83
SP,83
penn,83
intellectu,83
agreeabl,83
honestli,83
curti,83
therebi,83
fallen,83
gun,83
broader,83
toy,83
honey,83
absent,83
constel,83
scream,83
tier,83
ronni,83
tracey,83
inn,82
visibl,82
analog,82
anniversari,82
stranger,82
merri,82
perkin,82
stamp,82
clerk,82
mississippi,82
westinghous,82
championship,82
fraser,82
farm,82
societi,82
dismiss,82
visitor,82
bernic,82
incid,82
teeth,82
kinder,82
stake,82
adult,82
recognit,82
affirm,82
incumb,82
schultz,82
regenc,82
strengthen,82
chill,82
emphas,82
phd,82
SA,82
ratepay,81
accru,81
into,81
ian,81
moodi,81
villag,81
ibm,81
mariann,81
shore,81
offens,81
gore,81
underwrit,81
MA,81
extraordinari,81
kennedi,81
AN,81
up,81
garner,80
dori,80
unreason,80
worthwhil,80
plain,80
twenti,80
erni,80
cake,80
freedom,80
stoke,80
fiscal,80
GD,80
motor,80
stark,80
festiv,80
deliver,80
devot,80
televis,80
header,80
spencer,80
shake,80
desert,80
intens,79
gasolin,79
spark,79
ramona,79
norm,79
oop,79
quantit,79
aw,79
brook,79
asleep,79
bedroom,79
tactic,79
checkout,79
nevertheless,79
cellular,79
pin,79
lehman,79
ridicul,79
fat,79
wash,79
pump,79
prize,79
dolor,79
knight,79
film,79
pant,79
midnight,79
AZ,79
overrid,79
esp,79
wholli,78
garrett,78
patel,78
andr,78
cantrel,78
highway,78
volumetr,78
neighborhood,78
apt,78
harm,78
royal,78
venu,78
dine,78
serial,78
gmt,78
steam,78
wisconsin,78
minu,78
whitehead,78
compos,78
orlando,78
cari,78
dell,78
NT,78
stipul,78
barney,78
drug,78
luce,78
Ex,77
fallon,77
alumni,77
nebraska,77
jare,77
adapt,77
nerv,77
arbitrag,77
stab,77
plastic,77
outing,77
thoroughli,77
placement,77
kinda,77
modern,77
govt,77
legitim,77
exce,77
geograph,77
campo,77
cure,77
lara,77
plaintiff,77
liter,77
drawn,77
math,77
champion,77
marathon,76
walt,76
imper,76
comp,76
flood,76
escal,76
ceas,76
terrorist,76
landscap,76
mont,76
scroll,76
equat,76
reluct,76
monet,76
sophist,76
enthusiast,76
roman,76
RT,76
franci,76
outfit,76
gonzal,76
collar,76
overwhelm,76
FL,76
courtney,76
constant,76
willing,76
omit,76
character,76
beneficiari,76
needless,76
endeavor,76
victim,76
keller,76
bucket,76
successor,76
cruis,75
script,75
chicken,75
ethic,75
alabama,75
marin,75
thrill,75
sail,75
BA,75
prentic,75
disconnect,75
bridget,75
edt,75
parallel,75
marcia,75
administ,75
brazilian,75
kurt,75
jacquelin,75
proposit,75
butler,75
threw,75
binder,74
coleman,74
dina,74
julian,74
valeri,74
graham,74
bench,74
supposedli,74
classic,74
navig,74
hereund,74
waco,74
greenberg,74
been,74
fulton,74
rasmussen,74
huber,74
irena,74
needl,74
semest,74
RH,74
reconsid,74
secondli,74
pr,74
coincid,74
lab,74
albani,73
peer,73
smoothli,73
asian,73
coalit,73
bake,73
clock,73
essenc,73
scheme,73
oscar,73
permian,73
bath,73
manhattan,73
junior,73
ravi,73
ste,73
earnest,73
boyfriend,73
shoulder,73
canyon,73
hess,73
hawkin,73
betti,73
pad,73
angl,73
moon,73
unlimit,73
summit,72
dirti,72
eileen,72
emot,72
seal,72
pertin,72
gareth,72
mood,72
madison,72
unfair,72
ace,72
hoffman,72
overcom,72
co,72
clem,72
basketbal,72
exam,72
gonzalez,72
transcript,72
entranc,72
levi,72
bathroom,72
freez,72
su,71
loud,71
UP,71
auto,71
cooki,71
tawney,71
hug,71
preciou,71
typo,71
whichev,71
sandwich,71
blake,71
blanket,71
scari,71
resent,71
calm,71
burlington,71
interfer,71
rider,71
parquet,71
bud,71
swift,71
satisfact,71
lap,71
boon,71
wherea,71
carlson,71
chines,71
fluctuat,71
aaron,71
robust,71
mcgowan,71
stella,71
eugen,71
africa,71
clip,71
coke,71
boot,71
stadium,70
scratch,70
st,70
trick,70
felip,70
scoop,70
holm,70
headlin,70
resel,70
rebook,70
thirti,70
tender,70
chronicl,70
broadcast,70
bye,70
birth,70
AB,70
characterist,70
inadvert,70
coven,70
krishna,70
tail,70
mous,70
mo,70
alamo,70
shipment,70
zip,70
bean,70
gentleman,70
crap,70
itali,70
ralph,70
avg,70
smell,70
owen,69
constrain,69
unpaid,69
consecut,69
credibl,69
alarm,69
blew,69
gwyn,69
om,69
fatal,69
symbol,69
viewer,69
fleme,69
femal,69
stare,69
wallet,69
swim,69
karl,69
leonardo,69
exot,69
SC,69
bout,69
kori,69
lillian,69
cup,69
cambridg,69
timet,69
slowli,69
formul,69
spous,69
beaver,69
carrier,69
prod,69
del,68
worthless,68
shed,68
hammer,68
uncl,68
circuit,68
armstrong,68
percept,68
RR,68
urgenc,68
unnecessari,68
darla,68
liberti,68
kern,68
lodg,68
phi,68
render,68
amelia,68
temporarili,68
matern,68
sleev,68
nguyen,68
adob,68
signatori,68
readili,68
wallac,68
bankrupt,68
acrobat,68
valv,68
shelbi,68
invent,68
hardli,68
australian,68
bart,68
clue,68
coastal,68
rhett,67
dupont,67
letterhead,67
chevron,67
pile,67
davidson,67
substanc,67
miscellan,67
temper,67
pride,67
joya,67
closest,67
groceri,67
evergreen,67
fowler,67
thorough,67
vest,67
be,67
franklin,67
everywher,67
vagu,67
revisit,67
calif,67
elabor,67
herod,67
certainti,66
fielder,66
unsuccess,66
grew,66
handi,66
ranch,66
mental,66
bulletin,66
argentin,66
sentiment,66
bite,66
interv,66
beg,66
shine,66
toler,66
cream,66
silver,66
wet,66
notabl,66
sky,66
cromwel,66
nora,66
alvarez,66
thane,66
puppi,66
ramp,66
illeg,66
mccoy,66
haul,66
buchanan,66
preclud,66
slower,66
edi,66
malcolm,66
hawaii,66
divorc,66
overlook,66
cpr,65
pub,65
fewer,65
lydia,65
proxi,65
chairperson,65
outright,65
boost,65
lamar,65
mario,65
bone,65
cast,65
tube,65
frequenc,65
thin,65
guerrero,65
mortgag,65
appris,65
mall,65
evil,65
susi,65
clariti,65
mysteri,65
midway,65
bureau,65
lincoln,65
disk,65
admiss,65
thoreau,65
analys,65
epa,65
furnitur,65
disciplin,65
gleason,65
clara,65
burk,65
accumul,65
kimberle,65
therein,65
no,64
iowa,64
obstacl,64
melani,64
oversea,64
adventur,64
deviat,64
wang,64
mccullough,64
barrel,64
basket,64
walli,64
tobi,64
uniform,64
concess,64
pickup,64
steadi,64
roberto,64
audio,64
VA,64
reconcili,64
surg,64
museum,63
blend,63
amen,63
ch,63
grove,63
dust,63
turner,63
vast,63
baldwin,63
lump,63
stat,63
questionnair,63
discourag,63
abramo,63
frozen,63
marvin,63
wisdom,63
discharg,63
accrual,63
gomez,63
clarissa,63
subcommitte,63
costli,63
hike,63
tone,63
auditor,63
twist,63
rocket,63
bail,63
shortfal,62
doyl,62
val,62
trey,62
pet,62
jacob,62
random,62
checklist,62
spain,62
macro,62
interoffic,62
rudi,62
justic,62
envelop,62
indiana,62
mechel,62
comm,62
isol,62
clearer,62
bomb,62
halloween,62
jerk,62
dyer,62
em,62
gym,62
tyler,62
variat,62
jarrod,62
jae,62
deepli,62
crucial,62
dish,62
steer,62
empir,62
calend,62
mckay,62
unawar,62
ordinari,62
nathan,62
antitrust,61
defici,61
yea,61
rodeo,61
crimin,61
pizza,61
dip,61
rec,61
hood,61
chen,61
soccer,61
eel,61
liar,61
panhandl,61
turnaround,61
likewis,61
kelley,61
inspir,61
craft,61
espinoza,61
sake,61
misti,61
lyon,61
AP,61
string,61
overlap,61
OH,61
hong,61
buzz,61
meat,61
thor,61
taught,61
ridg,61
albert,61
detect,61
cow,60
Ha,60
acr,60
um,60
custodi,60
alonso,60
merci,60
tenn,60
idiot,60
jul,60
annot,60
cooler,60
restart,60
reyna,60
perfectli,60
chees,60
vessel,60
roster,60
midst,60
donovan,60
friendship,60
tini,60
unus,60
suarez,60
deliber,60
grass,60
ration,60
joey,60
trevino,60
fraud,60
lon,60
Si,60
connecticut,60
bryant,60
para,59
wagner,59
broaden,59
voluntari,59
invalid,59
commonwealth,59
conscienc,59
whatsoev,59
heck,59
fabul,59
pinnacl,59
revolv,59
darlen,59
justif,59
rs,59
chocol,59
vivian,59
ocean,59
bubbl,59
lopez,59
pc,59
hors,59
hal,59
pittsburgh,59
magic,59
cousin,59
worthi,59
pine,59
theoret,59
deer,59
markup,59
blind,59
male,59
merced,59
nobl,59
joni,59
unilater,59
marriott,59
rees,59
humbl,59
bargain,59
israel,59
knee,58
duan,58
depress,58
EA,58
ST,58
diagram,58
sugar,58
capitol,58
unregul,58
salad,58
berri,58
guillermo,58
stem,58
quotat,58
explicitli,58
penman,58
medicin,58
cab,58
absorb,58
massag,58
griffin,58
rival,58
requisit,58
monopoli,58
appl,58
thrown,58
fitzgerald,58
pioneer,58
heaven,58
clearanc,58
wheatland,58
cloud,58
preston,58
intercontinent,58
intrast,58
defeat,58
potato,58
cline,58
georgeann,58
soar,58
ineffici,58
stall,58
unexpect,57
kendal,57
proport,57
amort,57
wing,57
russian,57
intel,57
cabinet,57
rico,57
albuquerqu,57
revert,57
NC,57
ponder,57
punch,57
persuad,57
punish,57
suprem,57
doorstep,57
explos,57
pollut,57
marcelo,57
residu,57
recours,57
batch,57
christa,57
visual,57
kong,57
watt,57
valentin,57
barbour,57
evidenc,57
fiber,57
porch,57
router,57
trademark,56
cum,56
reunion,56
cayman,56
rescu,56
coat,56
raw,56
shorten,56
franchis,56
presidenti,56
jolli,56
sixth,56
bump,56
throughput,56
marlen,56
occurr,56
rodriquez,56
republ,56
offend,56
bypass,56
referr,56
do,56
puget,56
disappear,55
suffic,55
wont,55
DJ,55
paycheck,55
fin,55
shame,55
sponsorship,55
tackl,55
shutdown,55
neglig,55
hart,55
cough,55
duck,55
bernadett,55
lindsay,55
kaiser,55
rebuild,55
quietli,55
sage,55
climat,55
startup,55
recip,55
GA,55
aron,55
bearish,55
explod,55
gretchen,55
satellit,55
simmon,55
stomach,55
workout,55
twelv,55
maxwel,55
egg,55
invok,55
persist,55
shield,55
ceremoni,55
diseas,55
beef,55
famou,55
kayn,55
badli,55
bland,55
leach,55
joshua,55
wider,55
clifford,54
supervis,54
mauricio,54
corri,54
haircut,54
panda,54
lin,54
priorit,54
bentley,54
skeptic,54
perceiv,54
younger,54
lobbyist,54
italian,54
ir,54
picker,54
lb,54
caribbean,54
factori,54
workforc,54
admir,54
grad,54
bonus,54
ts,54
builder,54
aluminum,54
glanc,54
lesser,54
baltimor,54
devis,54
reid,54
mover,54
powel,54
beverag,54
toss,54
marriag,54
discontinu,54
hilari,54
rational,54
inevit,54
kari,54
inher,53
abel,53
upload,53
lester,53
handout,53
disagr,53
NP,53
rorschach,53
nap,53
kingdom,53
leak,53
disadvantag,53
distributor,53
abov,53
strickland,53
irma,53
mona,53
genuin,53
accus,53
hank,53
nasdaq,53
TD,53
lectur,53
BC,53
loser,53
bailout,53
williamson,53
prep,53
wound,53
chi,53
ibrahim,53
surprisingli,53
exploit,53
huang,53
pa,53
kit,53
harass,53
flore,53
equit,53
bibi,53
joani,52
gambl,52
JV,52
myer,52
alpha,52
mi,52
ascertain,52
chandler,52
inflat,52
boardroom,52
wax,52
refineri,52
dividend,52
evolut,52
candi,52
camil,52
statutori,52
promissori,52
distil,52
recreat,52
copper,52
meaningless,52
killer,52
fountain,52
tighten,52
gibb,52
withheld,52
airfar,52
HP,52
alberto,52
marisa,52
accident,52
photograph,52
caption,52
irvin,52
luxuri,52
fwd,52
apollo,52
MO,52
novel,52
intermedi,52
platter,52
enthusiasm,52
minnesota,52
cautiou,52
ticker,52
atti,52
contributor,52
barrier,52
jacket,52
ruin,52
koenig,52
synergi,51
patch,51
quinn,51
AL,51
winston,51
testifi,51
someday,51
pretend,51
explicit,51
laird,51
cater,51
pablo,51
muriel,51
federico,51
HI,51
trim,51
jail,51
eagl,51
disturb,51
inact,51
harper,51
politician,51
ram,51
fest,51
dessert,51
brainstorm,51
sand,51
funer,51
armi,51
zachari,51
passion,51
cumul,51
angri,51
lucent,51
chariti,51
ricardo,51
corey,50
boilerpl,50
nope,50
terrif,50
hobbi,50
quicker,50
thermal,50
ballot,50
concret,50
buri,50
steep,50
coop,50
issuer,50
keegan,50
tailor,50
longhorn,50
compat,50
milli,50
lynda,50
trillion,50
crane,50
atmospher,50
dustin,50
rude,50
incident,50
entireti,50
yvonn,50
neglect,50
silli,50
roommat,50
cart,50
chest,50
crawford,50
batteri,50
arkansa,50
wherev,50
howdi,50
wong,50
gentl,50
discrimin,50
SB,50
nationwid,50
suspici,50
bishop,50
junk,49
holst,49
unanim,49
hurrican,49
sherman,49
lag,49
margarita,49
filter,49
phylli,49
ingrid,49
leon,49
conced,49
recoup,49
oppon,49
sanchez,49
pot,49
passag,49
warehous,49
decor,49
entail,49
liber,49
wipe,49
modest,49
bachelor,49
powder,49
sanction,49
roof,49
nose,49
arguabl,49
compliment,49
cyndi,49
fool,49
than,49
korea,49
whip,49
fals,49
apprais,49
bend,49
swig,49
fay,49
swiss,49
carv,48
Mt,48
landwehr,48
factual,48
disposit,48
household,48
bret,48
daylight,48
buckley,48
architectur,48
newest,48
nikki,48
woodi,48
dumb,48
abbrevi,48
pencil,48
boulevard,48
eugenio,48
townsend,48
wyom,48
galleria,48
excerpt,48
hungri,48
hogan,48
gut,48
anonym,48
unpreced,48
strain,48
taft,48
ban,48
insan,48
horizon,48
longest,48
composit,48
fiona,48
outrag,48
patent,48
petrochem,48
shotgun,48
altogeth,48
passport,48
unwil,48
sausag,48
keenan,48
leonard,48
tall,48
inexpens,48
takeov,48
devon,48
rawson,48
oracl,48
bate,48
hassl,48
tragedi,48
ali,47
queue,47
dalton,47
incept,47
robbi,47
queen,47
enemi,47
warwick,47
ceil,47
henderson,47
marcello,47
burger,47
recess,47
salomon,47
strict,47
conceptu,47
marco,47
utah,47
LB,47
gu,47
wk,47
cedric,47
re,47
miser,47
lora,47
modem,47
leah,47
icc,47
mauric,47
bust,47
contrast,47
sore,47
tongu,47
nasti,47
abstract,47
injunct,47
blotter,47
curt,47
magnitud,47
in,47
holland,47
venezuela,47
wealth,47
emeri,47
fever,47
airplan,47
tod,47
replic,47
corn,47
Ya,47
creditworthi,47
auburn,47
bow,47
netscap,47
firmli,47
neat,47
abc,47
margi,47
BS,47
promin,47
kinney,47
exxon,47
miner,47
pink,46
catalog,46
buffalo,46
cpa,46
homework,46
contend,46
bia,46
transmitt,46
rehears,46
blanca,46
vet,46
diversifi,46
pagan,46
metric,46
bernstein,46
cubic,46
parson,46
iren,46
founder,46
Rd,46
brennan,46
whine,46
blown,46
tripl,46
diffus,46
matthia,46
eduardo,46
synthet,46
journey,46
vulner,46
subsidi,46
gallon,46
deficit,46
spill,46
voter,46
ambiti,46
allegedli,46
moss,46
